{"1_1": {"precision": 0.0, "recall": 0.0, "f1-score": 0.0, "support": 3.0}, "1_10": {"precision": 1.0, "recall": 0.75, "f1-score": 0.8571428571428571, "support": 4.0}, "1_11": {"precision": 0.5, "recall": 0.3142857142857143, "f1-score": 0.38596491228070173, "support": 35.0}, "1_11_1": {"precision": 0.5, "recall": 0.2777777777777778, "f1-score": 0.35714285714285715, "support": 36.0}, "1_12": {"precision": 0.5384615384615384, "recall": 0.35, "f1-score": 0.42424242424242425, "support": 20.0}, "1_12_2": {"precision": 0.5, "recall": 0.25, "f1-score": 0.3333333333333333, "support": 16.0}, "1_13": {"precision": 0.0, "recall": 0.0, "f1-score": 0.0, "support": 6.0}, "1_14": {"precision": 0.8333333333333334, "recall": 0.5555555555555556, "f1-score": 0.6666666666666666, "support": 9.0}, "1_15": {"precision": 0.5, "recall": 0.08333333333333333, "f1-score": 0.14285714285714285, "support": 12.0}, "1_16": {"precision": 0.48, "recall": 0.3870967741935484, "f1-score": 0.42857142857142855, "support": 31.0}, "1_17": {"precision": 0.855072463768116, "recall": 0.5514018691588785, "f1-score": 0.6704545454545454, "support": 107.0}, "1_18": {"precision": 1.0, "recall": 0.5, "f1-score": 0.6666666666666666, "support": 2.0}, "1_19": {"precision": 1.0, "recall": 0.2, "f1-score": 0.3333333333333333, "support": 5.0}, "1_2": {"precision": 0.9166666666666666, "recall": 0.34375, "f1-score": 0.5, "support": 32.0}, "1_20": {"precision": 0.375, "recall": 0.5, "f1-score": 0.42857142857142855, "support": 12.0}, "1_20_2": {"precision": 0.6333333333333333, "recall": 0.5135135135135135, "f1-score": 0.5671641791044776, "support": 37.0}, "1_20_3": {"precision": 0.0, "recall": 0.0, "f1-score": 0.0, "support": 11.0}, "1_21": {"precision": 0.0, "recall": 0.0, "f1-score": 0.0, "support": 7.0}, "1_22": {"precision": 0.6818181818181818, "recall": 0.38961038961038963, "f1-score": 0.49586776859504134, "support": 77.0}, "1_23": {"precision": 0.783625730994152, "recall": 0.5851528384279476, "f1-score": 0.67, "support": 229.0}, "1_25": {"precision": 0.5, "recall": 0.6404494382022472, "f1-score": 0.5615763546798029, "support": 89.0}, "1_26": {"precision": 0.0, "recall": 0.0, "f1-score": 0.0, "support": 1.0}, "1_27": {"precision": 0.0, "recall": 0.0, "f1-score": 0.0, "support": 7.0}, "1_30": {"precision": 0.0, "recall": 0.0, "f1-score": 0.0, "support": 0.0}, "1_31": {"precision": 1.0, "recall": 0.3333333333333333, "f1-score": 0.5, "support": 3.0}, "1_33": {"precision": 0.1875, "recall": 0.6, "f1-score": 0.2857142857142857, "support": 5.0}, "1_5": {"precision": 0.8, "recall": 0.5714285714285714, "f1-score": 0.6666666666666666, "support": 7.0}, "1_6": {"precision": 0.0, "recall": 0.0, "f1-score": 0.0, "support": 0.0}, "1_7": {"precision": 0.0, "recall": 0.0, "f1-score": 0.0, "support": 2.0}, "1_8": {"precision": 0.9411764705882353, "recall": 0.5925925925925926, "f1-score": 0.7272727272727273, "support": 27.0}, "2_1": {"precision": 0.9255765199161425, "recall": 0.9453961456102784, "f1-score": 0.9353813559322034, "support": 934.0}, "2_2": {"precision": 0.9090909090909091, "recall": 0.425531914893617, "f1-score": 0.5797101449275363, "support": 47.0}, "2_3": {"precision": 0.7777777777777778, "recall": 0.3181818181818182, "f1-score": 0.45161290322580644, "support": 22.0}, "2_3_2": {"precision": 0.48, "recall": 0.4235294117647059, "f1-score": 0.45, "support": 85.0}, "2_3_3": {"precision": 0.3548387096774194, "recall": 0.1896551724137931, "f1-score": 0.24719101123595505, "support": 58.0}, "2_3_4": {"precision": 0.0, "recall": 0.0, "f1-score": 0.0, "support": 1.0}, "2_3_6": {"precision": 0.0, "recall": 0.0, "f1-score": 0.0, "support": 1.0}, "2_4": {"precision": 0.9107692307692308, "recall": 0.8705882352941177, "f1-score": 0.8902255639097745, "support": 340.0}, "2_5": {"precision": 1.0, "recall": 0.7142857142857143, "f1-score": 0.8333333333333334, "support": 49.0}, "2_6": {"precision": 1.0, "recall": 0.25, "f1-score": 0.4, "support": 4.0}, "2_7": {"precision": 1.0, "recall": 1.0, "f1-score": 1.0, "support": 1.0}, "3_1": {"precision": 0.75, "recall": 0.7325581395348837, "f1-score": 0.7411764705882353, "support": 86.0}, "3_10": {"precision": 0.5, "recall": 0.3333333333333333, "f1-score": 0.4, "support": 3.0}, "3_11": {"precision": 0.6666666666666666, "recall": 0.6666666666666666, "f1-score": 0.6666666666666666, "support": 3.0}, "3_12": {"precision": 0.0, "recall": 0.0, "f1-score": 0.0, "support": 2.0}, "3_13": {"precision": 0.6470588235294118, "recall": 0.5238095238095238, "f1-score": 0.5789473684210527, "support": 21.0}, "3_14": {"precision": 0.0, "recall": 0.0, "f1-score": 0.0, "support": 3.0}, "3_18": {"precision": 0.8181818181818182, "recall": 0.45, "f1-score": 0.5806451612903226, "support": 20.0}, "3_18_2": {"precision": 0.9090909090909091, "recall": 0.45454545454545453, "f1-score": 0.6060606060606061, "support": 22.0}, "3_19": {"precision": 0.1, "recall": 0.2, "f1-score": 0.13333333333333333, "support": 5.0}, "3_2": {"precision": 0.875, "recall": 0.4666666666666667, "f1-score": 0.6086956521739131, "support": 15.0}, "3_20": {"precision": 0.888, "recall": 0.7816901408450704, "f1-score": 0.8314606741573034, "support": 142.0}, "3_21": {"precision": 0.875, "recall": 0.4666666666666667, "f1-score": 0.6086956521739131, "support": 45.0}, "3_24": {"precision": 0.9090909090909091, "recall": 0.8163265306122449, "f1-score": 0.8602150537634409, "support": 343.0}, "3_25": {"precision": 0.4444444444444444, "recall": 0.4, "f1-score": 0.42105263157894735, "support": 10.0}, "3_27": {"precision": 0.8736842105263158, "recall": 0.8586206896551725, "f1-score": 0.8660869565217392, "support": 290.0}, "3_28": {"precision": 1.0, "recall": 0.5294117647058824, "f1-score": 0.6923076923076923, "support": 34.0}, "3_29": {"precision": 0.8571428571428571, "recall": 0.6, "f1-score": 0.7058823529411765, "support": 10.0}, "3_30": {"precision": 0.0, "recall": 0.0, "f1-score": 0.0, "support": 6.0}, "3_31": {"precision": 0.875, "recall": 0.4666666666666667, "f1-score": 0.6086956521739131, "support": 15.0}, "3_32": {"precision": 0.8, "recall": 0.5714285714285714, "f1-score": 0.6666666666666666, "support": 7.0}, "3_4": {"precision": 0.0, "recall": 0.0, "f1-score": 0.0, "support": 1.0}, "3_4_1": {"precision": 0.6470588235294118, "recall": 0.66, "f1-score": 0.6534653465346535, "support": 50.0}, "3_6": {"precision": 0.0, "recall": 0.0, "f1-score": 0.0, "support": 3.0}, "4_1_1": {"precision": 0.7696078431372549, "recall": 0.8010204081632653, "f1-score": 0.785, "support": 196.0}, "4_1_2": {"precision": 0.53125, "recall": 0.38636363636363635, "f1-score": 0.4473684210526316, "support": 44.0}, "4_1_2_1": {"precision": 0.5555555555555556, "recall": 0.35714285714285715, "f1-score": 0.43478260869565216, "support": 14.0}, "4_1_2_2": {"precision": 0.5, "recall": 0.36363636363636365, "f1-score": 0.42105263157894735, "support": 11.0}, "4_1_3": {"precision": 0.18181818181818182, "recall": 0.2857142857142857, "f1-score": 0.2222222222222222, "support": 7.0}, "4_1_4": {"precision": 0.7884615384615384, "recall": 0.39805825242718446, "f1-score": 0.5290322580645161, "support": 103.0}, "4_1_5": {"precision": 0.13333333333333333, "recall": 0.125, "f1-score": 0.12903225806451613, "support": 16.0}, "4_1_6": {"precision": 1.0, "recall": 0.36363636363636365, "f1-score": 0.5333333333333333, "support": 11.0}, "4_2_1": {"precision": 0.672, "recall": 0.7, "f1-score": 0.6857142857142857, "support": 120.0}, "4_2_2": {"precision": 0.6842105263157895, "recall": 0.3170731707317073, "f1-score": 0.43333333333333335, "support": 41.0}, "4_2_3": {"precision": 0.8518518518518519, "recall": 0.6052631578947368, "f1-score": 0.7076923076923077, "support": 76.0}, "4_3": {"precision": 0.8125, "recall": 0.8125, "f1-score": 0.8125, "support": 16.0}, "4_8_2": {"precision": 0.0, "recall": 0.0, "f1-score": 0.0, "support": 5.0}, "5_11": {"precision": 1.0, "recall": 0.6, "f1-score": 0.75, "support": 5.0}, "5_12": {"precision": 0.0, "recall": 0.0, "f1-score": 0.0, "support": 1.0},