{"detector": "chkpt_detector_resnet50_v2_augmented_b8_5.pth", "classifier": "classifier_resnet152_add_signs_bg100_tvs_randomchoice_perspective_colorjitter_resizedcrop_erasing_adam_001_sh_10_06_model_29.pth", "threshold": [0, 0.1, 0.2, 0.3, 0.4, 0.5, 0.55, 0.6, 0.65, 0.7, 0.8, 0.9], "accuracy": [0.5813401048492791, 0.5988475552919245, 0.6099592261646569, 0.6187605284156397, 0.6297549378200439, 0.6373803430954412, 0.6376769719734181, 0.6392559960841899, 0.6386872202884137, 0.6349767629824207, 0.6180663960870018, 0.5779500430663221], "precision": [0.6798543921831594, 0.7065586882623476, 0.7254436648782501, 0.7430792163543442, 0.7688958356592609, 0.7996432818073722, 0.8135905627918407, 0.8287853788551847, 0.8437787412954934, 0.8589585895858959, 0.8888057467824004, 0.9271157167530224], "recall": [0.8004737198285585, 0.7970900067674261, 0.7930295510940673, 0.7871644484547711, 0.7767877284006316, 0.7585156778705165, 0.7467854725919242, 0.7365215429731559, 0.7243401759530792, 0.7088878863072412, 0.6698623956688473, 0.6054590570719603], "fscore": [0.7352499352499352, 0.7490990036039856, 0.757732514279556, 0.7644868003067149, 0.772821634966055, 0.7785366983097939, 0.778757939308398, 0.7799343087488803, 0.7795108332827578, 0.7767410245319162, 0.7639567790069463, 0.732532751091703], "mAP": [0.3538607506077355, 0.35145449223831393, 0.3502092285225822, 0.34775359497677094, 0.34338669464882327, 0.33112807607480255, 0.32621107169141683, 0.3218963672644855, 0.3120750753342408, 0.30392704041414, 0.2828303999929911, 0.23157517849478565]}