{"0": {"threshold": [0, 0.1, 0.2, 0.3, 0.4, 0.5, 0.6, 0.7, 0.8, 0.85, 0.9, 0.95], "accuracy": [0.5848372476308199, 0.6036559323481677, 0.6163759095292365, 0.6282859200576162, 0.6448501872659176, 0.6635421805624075, 0.6808466270461891, 0.6942450016569093, 0.7002711944346186, 0.7053217821782178, 0.6995959859246709, 0.6875088614773855], "precision": [0.6798543921831594, 0.7065586882623476, 0.7254436648782501, 0.7430792163543442, 0.7688958356592609, 0.7996432818073722, 0.8287853788551847, 0.8589585895858959, 0.8888057467824004, 0.9106743368488335, 0.9271157167530224, 0.9485524256651017], "recall": [0.8071192994427385, 0.8056315549475604, 0.8039103590212668, 0.8026451983898792, 0.799883855981417, 0.7958579881656804, 0.792283426352827, 0.7835681336491709, 0.7675109847505815, 0.7577449807206489, 0.740311681147428, 0.7141384388807069], "fscore": [0.7380407653910149, 0.7528496857355917, 0.7626640633474346, 0.7717144910709349, 0.7840837934764047, 0.7977461447212337, 0.810123441473854, 0.8195331855522232, 0.8237170596393897, 0.8272008128311198, 0.8232497507859826, 0.8148210384809276], "mAP": [0.3624680348696336, 0.3606422536983632, 0.3608560495611261, 0.36181938720450674, 0.3625506732728104, 0.3599062707587807, 0.36578392648765645, 0.362602135284988, 0.36061314808510514, 0.34953982855601945, 0.32881497207984794, 0.3150292075814832]}, "0.1": {"threshold": [0, 0.1, 0.2, 0.3, 0.4, 0.5, 0.6, 0.7, 0.8, 0.85, 0.9, 0.95], "accuracy": [0.59665991902834, 0.6036559323481677, 0.6163759095292365, 0.6282859200576162, 0.6448501872659176, 0.6635421805624075, 0.6808466270461891, 0.6942450016569093, 0.7002711944346186, 0.7053217821782178, 0.6995959859246709, 0.6875088614773855], "precision": [0.697014484185634, 0.7065586882623476, 0.7254436648782501, 0.7430792163543442, 0.7688958356592609, 0.7996432818073722, 0.8287853788551847, 0.8589585895858959, 0.8888057467824004, 0.9106743368488335, 0.9271157167530224, 0.9485524256651017], "recall": [0.805603006491288, 0.8056315549475604, 0.8039103590212668, 0.8026451983898792, 0.799883855981417, 0.7958579881656804, 0.792283426352827, 0.7835681336491709, 0.7675109847505815, 0.7577449807206489, 0.740311681147428, 0.7141384388807069], "fscore": [0.7473851030110935, 0.7528496857355917, 0.7626640633474346, 0.7717144910709349, 0.7840837934764047, 0.7977461447212337, 0.810123441473854, 0.8195331855522232, 0.8237170596393897, 0.8272008128311198, 0.8232497507859826, 0.8148210384809276], "mAP": [0.36130941513608017, 0.3606422536983632, 0.3608560495611261, 0.36181938720450674, 0.3625506732728104, 0.3599062707587807, 0.36578392648765645, 0.362602135284988, 0.36061314808510514, 0.34953982855601945, 0.32881497207984794, 0.3150292075814832]}, "0.2": {"threshold": [0, 0.1, 0.2, 0.3, 0.4, 0.5, 0.6, 0.7, 0.8, 0.85, 0.9, 0.95], "accuracy": [0.6071674707098552, 0.6086017790828223, 0.6163759095292365, 0.6282859200576162, 0.6448501872659176, 0.6635421805624075, 0.6808466270461891, 0.6942450016569093, 0.7002711944346186, 0.7053217821782178, 0.6995959859246709, 0.6875088614773855], "precision": [0.7122069523039612, 0.7141988446336273, 0.7254436648782501, 0.7430792163543442, 0.7688958356592609, 0.7996432818073722, 0.8287853788551847, 0.8589585895858959, 0.8888057467824004, 0.9106743368488335, 0.9271157167530224, 0.9485524256651017], "recall": [0.8045662100456621, 0.8045438977052175, 0.8039103590212668, 0.8026451983898792, 0.799883855981417, 0.7958579881656804, 0.792283426352827, 0.7835681336491709, 0.7675109847505815, 0.7577449807206489, 0.740311681147428, 0.7141384388807069], "fscore": [0.7555746140651801, 0.7566842048749061, 0.7626640633474346, 0.7717144910709349, 0.7840837934764047, 0.7977461447212337, 0.810123441473854, 0.8195331855522232, 0.8237170596393897, 0.8272008128311198, 0.8232497507859826, 0.8148210384809276], "mAP": [0.36052252004122454, 0.3604369906680805, 0.3608560495611261, 0.36181938720450674, 0.3625506732728104, 0.3599062707587807, 0.36578392648765645, 0.362602135284988, 0.36061314808510514, 0.34953982855601945, 0.32881497207984794, 0.3150292075814832]}, "0.3": {"threshold": [0, 0.1, 0.2, 0.3, 0.4, 0.5, 0.6, 0.7, 0.8, 0.85, 0.9, 0.95], "accuracy": [0.6134953238353291, 0.6139246042158664, 0.6185521558945419, 0.6282859200576162, 0.6448501872659176, 0.6635421805624075, 0.6808466270461891, 0.6942450016569093, 0.7002711944346186, 0.7053217821782178, 0.6995959859246709, 0.6875088614773855], "precision": [0.7228630278063851, 0.7234590806019378, 0.7295891835673427, 0.7430792163543442, 0.7688958356592609, 0.7996432818073722, 0.8287853788551847, 0.8589585895858959, 0.8888057467824004, 0.9106743368488335, 0.9271157167530224, 0.9485524256651017], "recall": [0.8021714285714285, 0.8021714285714285, 0.8025397551767532, 0.8026451983898792, 0.799883855981417, 0.7958579881656804, 0.792283426352827, 0.7835681336491709, 0.7675109847505815, 0.7577449807206489, 0.740311681147428, 0.7141384388807069], "fscore": [0.7604550379198266, 0.7607847387817038, 0.7643277402484201, 0.7717144910709349, 0.7840837934764047, 0.7977461447212337, 0.810123441473854, 0.8195331855522232, 0.8237170596393897, 0.8272008128311198, 0.8232497507859826, 0.8148210384809276], "mAP": [0.36044241337090166, 0.36044241337090166, 0.36067326844552094, 0.36181938720450674, 0.3625506732728104, 0.3599062707587807, 0.36578392648765645, 0.362602135284988, 0.36061314808510514, 0.34953982855601945, 0.32881497207984794, 0.3150292075814832]}, "0.4": {"threshold": [0, 0.1, 0.2, 0.3, 0.4, 0.5, 0.6, 0.7, 0.8, 0.85, 0.9, 0.95], "accuracy": [0.618912947414936, 0.61896765069825, 0.6220563405314139, 0.6298472385428907, 0.6448501872659176, 0.6635421805624075, 0.6808466270461891, 0.6942450016569093, 0.7002711944346186, 0.7053217821782178, 0.6995959859246709, 0.6875088614773855], "precision": [0.7313074352548037, 0.7313838120104439, 0.7352941176470589, 0.7461983294067253, 0.7688958356592609, 0.7996432818073722, 0.8287853788551847, 0.8589585895858959, 0.8888057467824004, 0.9106743368488335, 0.9271157167530224, 0.9485524256651017], "recall": [0.8010752688172043, 0.8010752688172043, 0.8015573113477613, 0.8015644771655355, 0.799883855981417, 0.7958579881656804, 0.792283426352827, 0.7835681336491709, 0.7675109847505815, 0.7577449807206489, 0.740311681147428, 0.7141384388807069], "fscore": [0.7646031226116389, 0.764644865425561, 0.7669972059387498, 0.7728911319394376, 0.7840837934764047, 0.7977461447212337, 0.810123441473854, 0.8195331855522232, 0.8237170596393897, 0.8272008128311198, 0.8232497507859826, 0.8148210384809276], "mAP": [0.360467581587215, 0.360467581587215, 0.3607736273862567, 0.3617034000988669, 0.3625506732728104, 0.3599062707587807, 0.36578392648765645, 0.362602135284988, 0.36061314808510514, 0.34953982855601945, 0.32881497207984794, 0.3150292075814832]}, "0.5": {"threshold": [0, 0.1, 0.2, 0.3, 0.4, 0.5, 0.6, 0.7, 0.8, 0.85, 0.9, 0.95], "accuracy": [0.6238048431775534, 0.6238048431775534, 0.6256387270282384, 0.6327143637356636, 0.6461466165413534, 0.6635421805624075, 0.6808466270461891, 0.6942450016569093, 0.7002711944346186, 0.7053217821782178, 0.6995959859246709, 0.6875088614773855], "precision": [0.7389647507145125, 0.7389647507145125, 0.7412639405204461, 0.7509723422644771, 0.7714317773788151, 0.7996432818073722, 0.8287853788551847, 0.8589585895858959, 0.8888057467824004, 0.9106743368488335, 0.9271157167530224, 0.9485524256651017], "recall": [0.8001146131805158, 0.8001146131805158, 0.800435829796995, 0.8007142034327842, 0.7991398349412996, 0.7958579881656804, 0.792283426352827, 0.7835681336491709, 0.7675109847505815, 0.7577449807206489, 0.740311681147428, 0.7141384388807069], "fscore": [0.7683248954435395, 0.7683248954435395, 0.7697143487371788, 0.7750459943134304, 0.7850413930916358, 0.7977461447212337, 0.810123441473854, 0.8195331855522232, 0.8237170596393897, 0.8272008128311198, 0.8232497507859826, 0.8148210384809276],